serial_no,financial_year,report_period,download_url
"1","2024-25","April (Part 1)","https://paimana-proj.mospi.gov.in/ReportPage/ViewPdf?id=61&path=Content\ArchiveReport\flash\2024-25\April_Part-I_Synopsis.pdf"
"2","2024-25","April (Part 2)","https://paimana-proj.mospi.gov.in/ReportPage/ViewPdf?id=62&path=Content\ArchiveReport\flash\2024-25\April_Part-II_List_of_tables.pdf"
"3","2024-25","May (Part 1)","https://paimana-proj.mospi.gov.in/ReportPage/ViewPdf?id=63&path=Content\ArchiveReport\flash\2024-25\May_Part-1.pdf"
"4","2024-25","May (Part 2)","https://paimana-proj.mospi.gov.in/ReportPage/ViewPdf?id=64&path=Content\ArchiveReport\flash\2024-25\May_Part-2.pdf"
"5","2024-25","June","https://paimana-proj.mospi.gov.in/ReportPage/ViewPdf?id=65&path=Content\ArchiveReport\flash\2024-25\June.pdf"
"6","2024-25","July (Part 1)","https://paimana-proj.mospi.gov.in/ReportPage/ViewPdf?id=66&path=Content\ArchiveReport\flash\2024-25\July_Part-I.pdf"
"7","2024-25","July (Part 2)","https://paimana-proj.mospi.gov.in/ReportPage/ViewPdf?id=67&path=Content\ArchiveReport\flash\2024-25\July_Part-II.pdf"
"8","2024-25","August (Part 1)","https://paimana-proj.mospi.gov.in/ReportPage/ViewPdf?id=68&path=Content\ArchiveReport\flash\2024-25\August_Part-1(synopsis).pdf"
"9","2024-25","August (Part 2)","https://paimana-proj.mospi.gov.in/ReportPage/ViewPdf?id=69&path=Content\ArchiveReport\flash\2024-25\August_Part-2(List_of_tables).pdf"
"10","2024-25","September (Part 1)","https://paimana-proj.mospi.gov.in/ReportPage/ViewPdf?id=70&path=Content\ArchiveReport\flash\2024-25\September_Part-1(synopsis).pdf"
"11","2024-25","September (Part 2)","https://paimana-proj.mospi.gov.in/ReportPage/ViewPdf?id=71&path=Content\ArchiveReport\flash\2024-25\September_Part-2(List_of_tables).pdf"
"12","2024-25","October","https://paimana-proj.mospi.gov.in/ReportPage/ViewPdf?id=72&path=Content\ArchiveReport\flash\2024-25\October.pdf"
"13","2024-25","November","https://paimana-proj.mospi.gov.in/ReportPage/ViewPdf?id=73&path=Content\ArchiveReport\flash\2024-25\November.pdf"
"14","2024-25","December","https://paimana-proj.mospi.gov.in/ReportPage/ViewPdf?id=74&path=Content\ArchiveReport\flash\2024-25\December.pdf"
"15","2024-25","January","https://paimana-proj.mospi.gov.in/ReportPage/ViewPdf?id=75&path=Content\ArchiveReport\flash\2024-25\January.pdf"
"16","2024-25","Q1 (Part 1)","https://paimana-proj.mospi.gov.in/ReportPage/ViewPdf?id=85&path=Content\ArchiveReport\quarterly\2024-25\QPISR_1st_QTR_2024-25%20PART1.pdf"
"17","2024-25","Q1 (Part 2)","https://paimana-proj.mospi.gov.in/ReportPage/ViewPdf?id=86&path=Content\ArchiveReport\quarterly\2024-25\QPISR_1st_QTR_2024-25%20PART2.pdf"
"18","2024-25","Q2 (Part 1)","https://paimana-proj.mospi.gov.in/ReportPage/ViewPdf?id=87&path=Content\ArchiveReport\quarterly\2024-25\QPISR_2nd_QTR_2024-25%20PART1.pdf"
"19","2024-25","Q2 (Part 2)","https://paimana-proj.mospi.gov.in/ReportPage/ViewPdf?id=88&path=Content\ArchiveReport\quarterly\2024-25\QPISR_2nd_QTR_2024-25%20PART2.pdf"
"20","2024-25","Q3","https://paimana-proj.mospi.gov.in/ReportPage/ViewPdf?id=89&path=Content\ArchiveReport\quarterly\2024-25\QPISR_3rd_QTR_2024-25.pdf"
"21","2024-25","March","https://paimana-proj.mospi.gov.in/ReportPage/ViewPdf?id=1150&path=Content\ArchiveReport\flash\2024-25\FRMarch2025.pdf"
"22","2024-25","Q4","https://paimana-proj.mospi.gov.in/ReportPage/ViewPdf?id=1152&path=Content\ArchiveReport\quarterly\2024-25\QPISR_4th_QTR_2024-25.pdf"
"23","2024-25","February","https://paimana-proj.mospi.gov.in/ReportPage/ViewPdf?id=1154&path=Content\ArchiveReport\flash\2024-25\FRFebruary2025.pdf"
"24","2023-24","April","https://paimana-proj.mospi.gov.in/ReportPage/ViewPdf?id=49&path=Content\ArchiveReport\flash\2023-24\FR_APril_2023.pdf"
"25","2023-24","May","https://paimana-proj.mospi.gov.in/ReportPage/ViewPdf?id=50&path=Content\ArchiveReport\flash\2023-24\FR_may_2023.pdf"
"26","2023-24","June","https://paimana-proj.mospi.gov.in/ReportPage/ViewPdf?id=51&path=Content\ArchiveReport\flash\2023-24\FR_june_2023.pdf"
"27","2023-24","July","https://paimana-proj.mospi.gov.in/ReportPage/ViewPdf?id=52&path=Content\ArchiveReport\flash\2023-24\FR_july1_2023.pdf"
"28","2023-24","August","https://paimana-proj.mospi.gov.in/ReportPage/ViewPdf?id=53&path=Content\ArchiveReport\flash\2023-24\FR_august_2023.pdf"
"29","2023-24","September","https://paimana-proj.mospi.gov.in/ReportPage/ViewPdf?id=54&path=Content\ArchiveReport\flash\2023-24\FR_sept_2023.pdf"
"30","2023-24","October","https://paimana-proj.mospi.gov.in/ReportPage/ViewPdf?id=55&path=Content\ArchiveReport\flash\2023-24\FR_oct_2023.pdf"
"31","2023-24","November","https://paimana-proj.mospi.gov.in/ReportPage/ViewPdf?id=56&path=Content\ArchiveReport\flash\2023-24\FR_nov_2023.pdf"
"32","2023-24","December","https://paimana-proj.mospi.gov.in/ReportPage/ViewPdf?id=57&path=Content\ArchiveReport\flash\2023-24\FR_dec_2023.pdf"
"33","2023-24","January","https://paimana-proj.mospi.gov.in/ReportPage/ViewPdf?id=58&path=Content\ArchiveReport\flash\2023-24\FR_jan_2024.pdf"
"34","2023-24","February","https://paimana-proj.mospi.gov.in/ReportPage/ViewPdf?id=59&path=Content\ArchiveReport\flash\2023-24\FR_feb_2024.pdf"
"35","2023-24","March","https://paimana-proj.mospi.gov.in/ReportPage/ViewPdf?id=60&path=Content\ArchiveReport\flash\2023-24\FR_mar_2024.pdf"
"36","2023-24","Q1","https://paimana-proj.mospi.gov.in/ReportPage/ViewPdf?id=80&path=Content\ArchiveReport\quarterly\2023-24\QPSR_1st_QTR_2023-24.pdf"
"37","2023-24","Q2","https://paimana-proj.mospi.gov.in/ReportPage/ViewPdf?id=81&path=Content\ArchiveReport\quarterly\2023-24\QPSR_2nd_QTR_2023-24.pdf"
"38","2023-24","Q3","https://paimana-proj.mospi.gov.in/ReportPage/ViewPdf?id=82&path=Content\ArchiveReport\quarterly\2023-24\QPSR_3rd_QTR_2023-24.pdf"
"39","2023-24","Q4 (Part 1)","https://paimana-proj.mospi.gov.in/ReportPage/ViewPdf?id=83&path=Content\ArchiveReport\quarterly\2023-24\QPSR-4th_QTR_2023-2024%20Part_I.pdf"
"40","2023-24","Q4 (Part 2)","https://paimana-proj.mospi.gov.in/ReportPage/ViewPdf?id=84&path=Content\ArchiveReport\quarterly\2023-24\QPSR-4th_QTR_2023-2024%20Part_II.pdf"
"41","2022-23","Q1","https://paimana-proj.mospi.gov.in/ReportPage/ViewPdf?id=76&path=Content\ArchiveReport\quarterly\2022-23\QPSIR_1st_QTR_2022-23.pdf"
"42","2022-23","Q2","https://paimana-proj.mospi.gov.in/ReportPage/ViewPdf?id=77&path=Content\ArchiveReport\quarterly\2022-23\QPSIR_2nd_QTR_2022-23.pdf"
"43","2022-23","Q3","https://paimana-proj.mospi.gov.in/ReportPage/ViewPdf?id=78&path=Content\ArchiveReport\quarterly\2022-23\QPSIR_3rd_QTR_2022-23.pdf"
"44","2022-23","Q4","https://paimana-proj.mospi.gov.in/ReportPage/ViewPdf?id=79&path=Content\ArchiveReport\quarterly\2022-23\QPSIR_4th_QTR_2022-23.pdf"
"45","2022-23","April","https://paimana-proj.mospi.gov.in/ReportPage/ViewPdf?id=37&path=Content\ArchiveReport\flash\2022-23\FR_APr_2022.pdf"
"46","2022-23","May","https://paimana-proj.mospi.gov.in/ReportPage/ViewPdf?id=38&path=Content\ArchiveReport\flash\2022-23\FR_may_2022.pdf"
"47","2022-23","June","https://paimana-proj.mospi.gov.in/ReportPage/ViewPdf?id=39&path=Content\ArchiveReport\flash\2022-23\FR_june_2022.pdf"
"48","2022-23","July","https://paimana-proj.mospi.gov.in/ReportPage/ViewPdf?id=40&path=Content\ArchiveReport\flash\2022-23\FR_july_2022.pdf"
"49","2022-23","August","https://paimana-proj.mospi.gov.in/ReportPage/ViewPdf?id=41&path=Content\ArchiveReport\flash\2022-23\FR_august_2022.pdf"
"50","2022-23","September","https://paimana-proj.mospi.gov.in/ReportPage/ViewPdf?id=42&path=Content\ArchiveReport\flash\2022-23\FR_september_2022.pdf"
"51","2022-23","October","https://paimana-proj.mospi.gov.in/ReportPage/ViewPdf?id=43&path=Content\ArchiveReport\flash\2022-23\FR_oct_2022.pdf"
"52","2022-23","November","https://paimana-proj.mospi.gov.in/ReportPage/ViewPdf?id=44&path=Content\ArchiveReport\flash\2022-23\FR_nov_2022.pdf"
"53","2022-23","December","https://paimana-proj.mospi.gov.in/ReportPage/ViewPdf?id=45&path=Content\ArchiveReport\flash\2022-23\FR_dec_2022.pdf"
"54","2022-23","January","https://paimana-proj.mospi.gov.in/ReportPage/ViewPdf?id=46&path=Content\ArchiveReport\flash\2022-23\FR_jan_2023.pdf"
"55","2022-23","February","https://paimana-proj.mospi.gov.in/ReportPage/ViewPdf?id=47&path=Content\ArchiveReport\flash\2022-23\FR_feb_2023.pdf"
"56","2022-23","March","https://paimana-proj.mospi.gov.in/ReportPage/ViewPdf?id=48&path=Content\ArchiveReport\flash\2022-23\FR_march_2023.pdf"
"57","2021-22","April","https://paimana-proj.mospi.gov.in/ReportPage/ViewPdf?id=25&path=Content\ArchiveReport\flash\2021-22\FR_APr_2021.pdf"
"58","2021-22","May","https://paimana-proj.mospi.gov.in/ReportPage/ViewPdf?id=26&path=Content\ArchiveReport\flash\2021-22\FR_may_2021.pdf"
"59","2021-22","June","https://paimana-proj.mospi.gov.in/ReportPage/ViewPdf?id=27&path=Content\ArchiveReport\flash\2021-22\FR_june_2021.pdf"
"60","2021-22","July","https://paimana-proj.mospi.gov.in/ReportPage/ViewPdf?id=28&path=Content\ArchiveReport\flash\2021-22\FR_july_2021.pdf"
"61","2021-22","August","https://paimana-proj.mospi.gov.in/ReportPage/ViewPdf?id=29&path=Content\ArchiveReport\flash\2021-22\FR_aug_2021.pdf"
"62","2021-22","September","https://paimana-proj.mospi.gov.in/ReportPage/ViewPdf?id=30&path=Content\ArchiveReport\flash\2021-22\FR_sep_2021.pdf"
"63","2021-22","October","https://paimana-proj.mospi.gov.in/ReportPage/ViewPdf?id=31&path=Content\ArchiveReport\flash\2021-22\FR_oct_2021.pdf"
"64","2021-22","November","https://paimana-proj.mospi.gov.in/ReportPage/ViewPdf?id=32&path=Content\ArchiveReport\flash\2021-22\FR_nov_2021.pdf"
"65","2021-22","December","https://paimana-proj.mospi.gov.in/ReportPage/ViewPdf?id=33&path=Content\ArchiveReport\flash\2021-22\FR_dec_2021.pdf"
"66","2021-22","January","https://paimana-proj.mospi.gov.in/ReportPage/ViewPdf?id=34&path=Content\ArchiveReport\flash\2021-22\FR_jan_2022.pdf"
"67","2021-22","February","https://paimana-proj.mospi.gov.in/ReportPage/ViewPdf?id=35&path=Content\ArchiveReport\flash\2021-22\FR_feb_2022.pdf"
"68","2021-22","March","https://paimana-proj.mospi.gov.in/ReportPage/ViewPdf?id=36&path=Content\ArchiveReport\flash\2021-22\FR_mar_2022.pdf"
"69","2021-22","Q1","https://paimana-proj.mospi.gov.in/ReportPage/ViewPdf?id=1146&path=Content\ArchiveReport\quarterly\2021-22\QPSIR1stqtr2021-22.pdf"
"70","2021-22","Q2","https://paimana-proj.mospi.gov.in/ReportPage/ViewPdf?id=1147&path=Content\ArchiveReport\quarterly\2021-22\QPSIR_2nd_qtr_2021-22.pdf"
"71","2021-22","Q3","https://paimana-proj.mospi.gov.in/ReportPage/ViewPdf?id=1148&path=Content\ArchiveReport\quarterly\2021-22\QPSIR_3qtr_21-22.pdf"
"72","2021-22","Q4","https://paimana-proj.mospi.gov.in/ReportPage/ViewPdf?id=1149&path=Content\ArchiveReport\quarterly\2021-22\QPSIR_4th_QTR_2021-22.pdf"
"73","2020-21","Q1","https://paimana-proj.mospi.gov.in/ReportPage/ViewPdf?id=1142&path=Content\ArchiveReport\quarterly\2020-21\April-June_2020.pdf"
"74","2020-21","Q2","https://paimana-proj.mospi.gov.in/ReportPage/ViewPdf?id=1143&path=Content\ArchiveReport\quarterly\2020-21\July-Sep_2020.pdf"
"75","2020-21","Q3","https://paimana-proj.mospi.gov.in/ReportPage/ViewPdf?id=1144&path=Content\ArchiveReport\quarterly\2020-21\Oct_Dec_2020(1).pdf"
"76","2020-21","Q4","https://paimana-proj.mospi.gov.in/ReportPage/ViewPdf?id=1145&path=Content\ArchiveReport\quarterly\2020-21\QPSIR4thQTR2020-21.pdf"
"77","2020-21","April","https://paimana-proj.mospi.gov.in/ReportPage/ViewPdf?id=13&path=Content\ArchiveReport\flash\2020-21\FR_APril_2020.pdf"
"78","2020-21","May","https://paimana-proj.mospi.gov.in/ReportPage/ViewPdf?id=14&path=Content\ArchiveReport\flash\2020-21\FR_may_2020.pdf"
"79","2020-21","June","https://paimana-proj.mospi.gov.in/ReportPage/ViewPdf?id=15&path=Content\ArchiveReport\flash\2020-21\FR_jun_2020.pdf"
"80","2020-21","July","https://paimana-proj.mospi.gov.in/ReportPage/ViewPdf?id=16&path=Content\ArchiveReport\flash\2020-21\FR_july_2020%20(1).pdf"
"81","2020-21","August","https://paimana-proj.mospi.gov.in/ReportPage/ViewPdf?id=17&path=Content\ArchiveReport\flash\2020-21\FR_august_2020.pdf"
"82","2020-21","September","https://paimana-proj.mospi.gov.in/ReportPage/ViewPdf?id=18&path=Content\ArchiveReport\flash\2020-21\FR_sep_2020.pdf"
"83","2020-21","October","https://paimana-proj.mospi.gov.in/ReportPage/ViewPdf?id=19&path=Content\ArchiveReport\flash\2020-21\FR_oct_2020.pdf"
"84","2020-21","November","https://paimana-proj.mospi.gov.in/ReportPage/ViewPdf?id=20&path=Content\ArchiveReport\flash\2020-21\FR_nov_2020.pdf"
"85","2020-21","December","https://paimana-proj.mospi.gov.in/ReportPage/ViewPdf?id=21&path=Content\ArchiveReport\flash\2020-21\FR_dec_2020.pdf"
"86","2020-21","January","https://paimana-proj.mospi.gov.in/ReportPage/ViewPdf?id=22&path=Content\ArchiveReport\flash\2020-21\FR_jan_2021.pdf"
"87","2020-21","February","https://paimana-proj.mospi.gov.in/ReportPage/ViewPdf?id=23&path=Content\ArchiveReport\flash\2020-21\FR_feb_2021.pdf"
"88","2020-21","March","https://paimana-proj.mospi.gov.in/ReportPage/ViewPdf?id=24&path=Content\ArchiveReport\flash\2020-21\FR_mar_2021.pdf"
"89","2019-20","April","https://paimana-proj.mospi.gov.in/ReportPage/ViewPdf?id=1&path=Content\ArchiveReport\flash\2019-20\FR_APr_Report_2019.pdf"
"90","2019-20","May","https://paimana-proj.mospi.gov.in/ReportPage/ViewPdf?id=2&path=Content\ArchiveReport\flash\2019-20\FR_may_Report_2019.pdf"
"91","2019-20","June","https://paimana-proj.mospi.gov.in/ReportPage/ViewPdf?id=3&path=Content\ArchiveReport\flash\2019-20\FR_jun_Report_2019.pdf"
"92","2019-20","July","https://paimana-proj.mospi.gov.in/ReportPage/ViewPdf?id=4&path=Content\ArchiveReport\flash\2019-20\FR_july_Report_2019.pdf"
"93","2019-20","August","https://paimana-proj.mospi.gov.in/ReportPage/ViewPdf?id=5&path=Content\ArchiveReport\flash\2019-20\FR_aug_Report_2019.pdf"
"94","2019-20","September","https://paimana-proj.mospi.gov.in/ReportPage/ViewPdf?id=6&path=Content\ArchiveReport\flash\2019-20\FR_sep_Report_2019.pdf"
"95","2019-20","October","https://paimana-proj.mospi.gov.in/ReportPage/ViewPdf?id=7&path=Content\ArchiveReport\flash\2019-20\FR_oct_Report_2019.pdf"
"96","2019-20","November","https://paimana-proj.mospi.gov.in/ReportPage/ViewPdf?id=8&path=Content\ArchiveReport\flash\2019-20\FR_nov_Report_2019.pdf"
"97","2019-20","December","https://paimana-proj.mospi.gov.in/ReportPage/ViewPdf?id=9&path=Content\ArchiveReport\flash\2019-20\FR_dec_Report_2019.pdf"
"98","2019-20","January","https://paimana-proj.mospi.gov.in/ReportPage/ViewPdf?id=10&path=Content\ArchiveReport\flash\2019-20\FR_jan_Report_2020.pdf"
"99","2019-20","February","https://paimana-proj.mospi.gov.in/ReportPage/ViewPdf?id=11&path=Content\ArchiveReport\flash\2019-20\FR_feb_2020.pdf"
"100","2019-20","March","https://paimana-proj.mospi.gov.in/ReportPage/ViewPdf?id=12&path=Content\ArchiveReport\flash\2019-20\FR_march_2020.pdf"
"101","2019-20","Q4","https://paimana-proj.mospi.gov.in/ReportPage/ViewPdf?id=1138&path=Content\ArchiveReport\quarterly\2019-20\Jan-March_2020.pdf"
"102","2019-20","Q1","https://paimana-proj.mospi.gov.in/ReportPage/ViewPdf?id=1139&path=Content\ArchiveReport\quarterly\2019-20\apr-jun-2019.pdf"
"103","2019-20","Q2","https://paimana-proj.mospi.gov.in/ReportPage/ViewPdf?id=1140&path=Content\ArchiveReport\quarterly\2019-20\july-sep_2019.pdf"
"104","2019-20","Q3","https://paimana-proj.mospi.gov.in/ReportPage/ViewPdf?id=1141&path=Content\ArchiveReport\quarterly\2019-20\Oct-Dec_2019.pdf"
"105","2018-19","April","https://paimana-proj.mospi.gov.in/ReportPage/ViewPdf?id=141&path=Content\ArchiveReport\flash\2018-19\FR_APr_2018.pdf"
"106","2018-19","May","https://paimana-proj.mospi.gov.in/ReportPage/ViewPdf?id=142&path=Content\ArchiveReport\flash\2018-19\FR_may_2018.pdf"
"107","2018-19","June","https://paimana-proj.mospi.gov.in/ReportPage/ViewPdf?id=143&path=Content\ArchiveReport\flash\2018-19\FR_jun_2018.pdf"
"108","2018-19","July","https://paimana-proj.mospi.gov.in/ReportPage/ViewPdf?id=144&path=Content\ArchiveReport\flash\2018-19\FR_july_2018.pdf"
"109","2018-19","August","https://paimana-proj.mospi.gov.in/ReportPage/ViewPdf?id=145&path=Content\ArchiveReport\flash\2018-19\FR_aug_Report_2018.pdf"
"110","2018-19","September","https://paimana-proj.mospi.gov.in/ReportPage/ViewPdf?id=146&path=Content\ArchiveReport\flash\2018-19\FR_sep_Report_2018.pdf"
"111","2018-19","October","https://paimana-proj.mospi.gov.in/ReportPage/ViewPdf?id=147&path=Content\ArchiveReport\flash\2018-19\FR_oct_Report_2018.pdf"
"112","2018-19","November","https://paimana-proj.mospi.gov.in/ReportPage/ViewPdf?id=148&path=Content\ArchiveReport\flash\2018-19\FR_nov_Report_2018.pdf"
"113","2018-19","December","https://paimana-proj.mospi.gov.in/ReportPage/ViewPdf?id=149&path=Content\ArchiveReport\flash\2018-19\FR_dec_Report_2018.pdf"
"114","2018-19","January","https://paimana-proj.mospi.gov.in/ReportPage/ViewPdf?id=150&path=Content\ArchiveReport\flash\2018-19\FR_jan_Report_2019.pdf"
"115","2018-19","February","https://paimana-proj.mospi.gov.in/ReportPage/ViewPdf?id=151&path=Content\ArchiveReport\flash\2018-19\FR_feb_Report_2019.pdf"
"116","2018-19","March","https://paimana-proj.mospi.gov.in/ReportPage/ViewPdf?id=152&path=Content\ArchiveReport\flash\2018-19\FR_mar_Report_2019.pdf"
"117","2018-19","Q4","https://paimana-proj.mospi.gov.in/ReportPage/ViewPdf?id=1134&path=Content\ArchiveReport\quarterly\2018-19\Jan-Mar-2019.pdf"
"118","2018-19","Q1","https://paimana-proj.mospi.gov.in/ReportPage/ViewPdf?id=1135&path=Content\ArchiveReport\quarterly\2018-19\Apr-June_2018.pdf"
"119","2018-19","Q2","https://paimana-proj.mospi.gov.in/ReportPage/ViewPdf?id=1136&path=Content\ArchiveReport\quarterly\2018-19\jul-sep_2018.pdf"
"120","2018-19","Q3","https://paimana-proj.mospi.gov.in/ReportPage/ViewPdf?id=1137&path=Content\ArchiveReport\quarterly\2018-19\oct-dec_2018.pdf"
"121","2017-18","Q4","https://paimana-proj.mospi.gov.in/ReportPage/ViewPdf?id=1130&path=Content\ArchiveReport\quarterly\2017-18\Jan-March_2018.pdf"
"122","2017-18","Q1","https://paimana-proj.mospi.gov.in/ReportPage/ViewPdf?id=1131&path=Content\ArchiveReport\quarterly\2017-18\Apr-June_2017.pdf"
"123","2017-18","Q2","https://paimana-proj.mospi.gov.in/ReportPage/ViewPdf?id=1132&path=Content\ArchiveReport\quarterly\2017-18\july-sep_2017.pdf"
"124","2017-18","Q3","https://paimana-proj.mospi.gov.in/ReportPage/ViewPdf?id=1133&path=Content\ArchiveReport\quarterly\2017-18\Oct-Dec_2017.pdf"
"125","2017-18","April","https://paimana-proj.mospi.gov.in/ReportPage/ViewPdf?id=129&path=Content\ArchiveReport\flash\2017-18\FR_APril_2017.pdf"
"126","2017-18","May","https://paimana-proj.mospi.gov.in/ReportPage/ViewPdf?id=130&path=Content\ArchiveReport\flash\2017-18\FR_may_2017.pdf"
"127","2017-18","June","https://paimana-proj.mospi.gov.in/ReportPage/ViewPdf?id=131&path=Content\ArchiveReport\flash\2017-18\FR_june_2017.pdf"
"128","2017-18","July","https://paimana-proj.mospi.gov.in/ReportPage/ViewPdf?id=132&path=Content\ArchiveReport\flash\2017-18\FR_july_2017.pdf"
"129","2017-18","August","https://paimana-proj.mospi.gov.in/ReportPage/ViewPdf?id=133&path=Content\ArchiveReport\flash\2017-18\FR_aug_2017.pdf"
"130","2017-18","September","https://paimana-proj.mospi.gov.in/ReportPage/ViewPdf?id=134&path=Content\ArchiveReport\flash\2017-18\FR_sep_2017.pdf"
"131","2017-18","October","https://paimana-proj.mospi.gov.in/ReportPage/ViewPdf?id=135&path=Content\ArchiveReport\flash\2017-18\FR_oct_2017.pdf"
"132","2017-18","November","https://paimana-proj.mospi.gov.in/ReportPage/ViewPdf?id=136&path=Content\ArchiveReport\flash\2017-18\FR_nov_2017.pdf"
"133","2017-18","December","https://paimana-proj.mospi.gov.in/ReportPage/ViewPdf?id=137&path=Content\ArchiveReport\flash\2017-18\FR_dec_2017.pdf"
"134","2017-18","January","https://paimana-proj.mospi.gov.in/ReportPage/ViewPdf?id=138&path=Content\ArchiveReport\flash\2017-18\FR_jan_2018.pdf"
"135","2017-18","February","https://paimana-proj.mospi.gov.in/ReportPage/ViewPdf?id=139&path=Content\ArchiveReport\flash\2017-18\FR_feb_2018.pdf"
"136","2017-18","March","https://paimana-proj.mospi.gov.in/ReportPage/ViewPdf?id=140&path=Content\ArchiveReport\flash\2017-18\FR_march_2018.pdf"
"137","2016-17","April","https://paimana-proj.mospi.gov.in/ReportPage/ViewPdf?id=117&path=Content\ArchiveReport\flash\2016-17\FR_APr_2016.pdf"
"138","2016-17","May","https://paimana-proj.mospi.gov.in/ReportPage/ViewPdf?id=118&path=Content\ArchiveReport\flash\2016-17\FR_may_2016.pdf"
"139","2016-17","June","https://paimana-proj.mospi.gov.in/ReportPage/ViewPdf?id=119&path=Content\ArchiveReport\flash\2016-17\FR_jun_2016.pdf"
"140","2016-17","July","https://paimana-proj.mospi.gov.in/ReportPage/ViewPdf?id=120&path=Content\ArchiveReport\flash\2016-17\FR_jul_2016.pdf"
"141","2016-17","August","https://paimana-proj.mospi.gov.in/ReportPage/ViewPdf?id=121&path=Content\ArchiveReport\flash\2016-17\FR_aug_2016.pdf"
"142","2016-17","September","https://paimana-proj.mospi.gov.in/ReportPage/ViewPdf?id=122&path=Content\ArchiveReport\flash\2016-17\FR_sep_2016.pdf"
"143","2016-17","October","https://paimana-proj.mospi.gov.in/ReportPage/ViewPdf?id=123&path=Content\ArchiveReport\flash\2016-17\FR_oct_2016.pdf"
"144","2016-17","November","https://paimana-proj.mospi.gov.in/ReportPage/ViewPdf?id=124&path=Content\ArchiveReport\flash\2016-17\FR_nov_2016.pdf"
"145","2016-17","December","https://paimana-proj.mospi.gov.in/ReportPage/ViewPdf?id=125&path=Content\ArchiveReport\flash\2016-17\FR_dec_2016.pdf"
"146","2016-17","January","https://paimana-proj.mospi.gov.in/ReportPage/ViewPdf?id=126&path=Content\ArchiveReport\flash\2016-17\FR_jan_2017.pdf"
"147","2016-17","February","https://paimana-proj.mospi.gov.in/ReportPage/ViewPdf?id=127&path=Content\ArchiveReport\flash\2016-17\FR_feb_2017.pdf"
"148","2016-17","March","https://paimana-proj.mospi.gov.in/ReportPage/ViewPdf?id=128&path=Content\ArchiveReport\flash\2016-17\FR_march_2017.pdf"
"149","2016-17","Q4","https://paimana-proj.mospi.gov.in/ReportPage/ViewPdf?id=1126&path=Content\ArchiveReport\quarterly\2016-17\Jan-March_2017.pdf"
"150","2016-17","Q1","https://paimana-proj.mospi.gov.in/ReportPage/ViewPdf?id=1127&path=Content\ArchiveReport\quarterly\2016-17\April-Jun_2016.pdf"
"151","2016-17","Q2","https://paimana-proj.mospi.gov.in/ReportPage/ViewPdf?id=1128&path=Content\ArchiveReport\quarterly\2016-17\july-sep_2016.pdf"
"152","2016-17","Q3","https://paimana-proj.mospi.gov.in/ReportPage/ViewPdf?id=1129&path=Content\ArchiveReport\quarterly\2016-17\Oct-Dec_2016.pdf"
"153","2015-16","Q4","https://paimana-proj.mospi.gov.in/ReportPage/ViewPdf?id=1122&path=Content\ArchiveReport\quarterly\2015-16\jan-mar_2016.pdf"
"154","2015-16","Q1","https://paimana-proj.mospi.gov.in/ReportPage/ViewPdf?id=1123&path=Content\ArchiveReport\quarterly\2015-16\Apr-June-2015.pdf"
"155","2015-16","Q2","https://paimana-proj.mospi.gov.in/ReportPage/ViewPdf?id=1124&path=Content\ArchiveReport\quarterly\2015-16\July-Sep-2015.pdf"
"156","2015-16","Q3","https://paimana-proj.mospi.gov.in/ReportPage/ViewPdf?id=1125&path=Content\ArchiveReport\quarterly\2015-16\oct-dec_2015.pdf"
"157","2015-16","April","https://paimana-proj.mospi.gov.in/ReportPage/ViewPdf?id=105&path=Content\ArchiveReport\flash\2015-16\FR_APRil_2015.pdf"
"158","2015-16","May","https://paimana-proj.mospi.gov.in/ReportPage/ViewPdf?id=106&path=Content\ArchiveReport\flash\2015-16\FR_may_2015.pdf"
"159","2015-16","June","https://paimana-proj.mospi.gov.in/ReportPage/ViewPdf?id=107&path=Content\ArchiveReport\flash\2015-16\FR_jun_2015.pdf"
"160","2015-16","July","https://paimana-proj.mospi.gov.in/ReportPage/ViewPdf?id=108&path=Content\ArchiveReport\flash\2015-16\FR_july_2015.pdf"
"161","2015-16","August","https://paimana-proj.mospi.gov.in/ReportPage/ViewPdf?id=109&path=Content\ArchiveReport\flash\2015-16\FR_aug_2015.pdf"
"162","2015-16","September","https://paimana-proj.mospi.gov.in/ReportPage/ViewPdf?id=110&path=Content\ArchiveReport\flash\2015-16\FR_sep_2015.pdf"
"163","2015-16","October","https://paimana-proj.mospi.gov.in/ReportPage/ViewPdf?id=111&path=Content\ArchiveReport\flash\2015-16\FR_oct_2015.pdf"
"164","2015-16","November","https://paimana-proj.mospi.gov.in/ReportPage/ViewPdf?id=112&path=Content\ArchiveReport\flash\2015-16\FR_nov_2015.pdf"
"165","2015-16","December","https://paimana-proj.mospi.gov.in/ReportPage/ViewPdf?id=113&path=Content\ArchiveReport\flash\2015-16\FR_dec_2015.pdf"
"166","2015-16","January","https://paimana-proj.mospi.gov.in/ReportPage/ViewPdf?id=114&path=Content\ArchiveReport\flash\2015-16\FR_jan_2016.pdf"
"167","2015-16","February","https://paimana-proj.mospi.gov.in/ReportPage/ViewPdf?id=115&path=Content\ArchiveReport\flash\2015-16\FR_feb_2016.pdf"
"168","2015-16","March","https://paimana-proj.mospi.gov.in/ReportPage/ViewPdf?id=116&path=Content\ArchiveReport\flash\2015-16\FR_mar_2016.pdf"
"169","2014-15","April","https://paimana-proj.mospi.gov.in/ReportPage/ViewPdf?id=93&path=Content\ArchiveReport\flash\2014-15\FR_APR_2014.pdf"
"170","2014-15","May","https://paimana-proj.mospi.gov.in/ReportPage/ViewPdf?id=94&path=Content\ArchiveReport\flash\2014-15\FR_may_2014.pdf"
"171","2014-15","June","https://paimana-proj.mospi.gov.in/ReportPage/ViewPdf?id=95&path=Content\ArchiveReport\flash\2014-15\FR_june_2014.pdf"
"172","2014-15","July","https://paimana-proj.mospi.gov.in/ReportPage/ViewPdf?id=96&path=Content\ArchiveReport\flash\2014-15\FR_jul_2014.pdf"
"173","2014-15","August","https://paimana-proj.mospi.gov.in/ReportPage/ViewPdf?id=97&path=Content\ArchiveReport\flash\2014-15\FR_aug_2014.pdf"
"174","2014-15","September","https://paimana-proj.mospi.gov.in/ReportPage/ViewPdf?id=98&path=Content\ArchiveReport\flash\2014-15\FR_sep_2014.pdf"
"175","2014-15","October","https://paimana-proj.mospi.gov.in/ReportPage/ViewPdf?id=99&path=Content\ArchiveReport\flash\2014-15\FR_oct_2014.pdf"
"176","2014-15","November","https://paimana-proj.mospi.gov.in/ReportPage/ViewPdf?id=100&path=Content\ArchiveReport\flash\2014-15\FR_nov_2014.pdf"
"177","2014-15","December","https://paimana-proj.mospi.gov.in/ReportPage/ViewPdf?id=101&path=Content\ArchiveReport\flash\2014-15\FR_dec_2014.pdf"
"178","2014-15","January","https://paimana-proj.mospi.gov.in/ReportPage/ViewPdf?id=102&path=Content\ArchiveReport\flash\2014-15\FR_jan_2015.pdf"
"179","2014-15","February","https://paimana-proj.mospi.gov.in/ReportPage/ViewPdf?id=103&path=Content\ArchiveReport\flash\2014-15\FR_feb_2015.pdf"
"180","2014-15","March","https://paimana-proj.mospi.gov.in/ReportPage/ViewPdf?id=104&path=Content\ArchiveReport\flash\2014-15\FR_march_2015.pdf"
"181","2014-15","Q4","https://paimana-proj.mospi.gov.in/ReportPage/ViewPdf?id=1118&path=Content\ArchiveReport\quarterly\2014-15\Jan-Mar-2015.pdf"
"182","2014-15","Q1","https://paimana-proj.mospi.gov.in/ReportPage/ViewPdf?id=1119&path=Content\ArchiveReport\quarterly\2014-15\april-june-2014.pdf"
"183","2014-15","Q2","https://paimana-proj.mospi.gov.in/ReportPage/ViewPdf?id=1120&path=Content\ArchiveReport\quarterly\2014-15\JULY-SEP-2014.pdf"
"184","2014-15","Q3","https://paimana-proj.mospi.gov.in/ReportPage/ViewPdf?id=1121&path=Content\ArchiveReport\quarterly\2014-15\OCT-DEC-2014.pdf"
"185","2013-14","Q4","https://paimana-proj.mospi.gov.in/ReportPage/ViewPdf?id=1117&path=Content\ArchiveReport\quarterly\2013-14\January-March-2014.pdf"
"186","2013-14","January","https://paimana-proj.mospi.gov.in/ReportPage/ViewPdf?id=90&path=Content\ArchiveReport\flash\2013-14\FR_jan_2014.pdf"
"187","2013-14","February","https://paimana-proj.mospi.gov.in/ReportPage/ViewPdf?id=91&path=Content\ArchiveReport\flash\2013-14\FR_feb_2014.pdf"
"188","2013-14","March","https://paimana-proj.mospi.gov.in/ReportPage/ViewPdf?id=92&path=Content\ArchiveReport\flash\2013-14\FR_mar_2014.pdf"
"189","2013-14","April","https://paimana-proj.mospi.gov.in/ReportPage/ViewPdf?id=1290&path=Content\ArchiveReport\flash\2013-14\FR_APR_2013.pdf"
"190","2013-14","August","https://paimana-proj.mospi.gov.in/ReportPage/ViewPdf?id=1291&path=Content\ArchiveReport\flash\2013-14\FR_Aug_2013.pdf"
"191","2013-14","December","https://paimana-proj.mospi.gov.in/ReportPage/ViewPdf?id=1292&path=Content\ArchiveReport\flash\2013-14\FR_Dec_2013.pdf"
"192","2013-14","July","https://paimana-proj.mospi.gov.in/ReportPage/ViewPdf?id=1293&path=Content\ArchiveReport\flash\2013-14\FR_July_2013.pdf"
"193","2013-14","June","https://paimana-proj.mospi.gov.in/ReportPage/ViewPdf?id=1294&path=Content\ArchiveReport\flash\2013-14\FR_JUN_2013.pdf"
"194","2013-14","May","https://paimana-proj.mospi.gov.in/ReportPage/ViewPdf?id=1295&path=Content\ArchiveReport\flash\2013-14\FR_MAY_2013.pdf"
"195","2013-14","November","https://paimana-proj.mospi.gov.in/ReportPage/ViewPdf?id=1296&path=Content\ArchiveReport\flash\2013-14\FR_Nov_2013.pdf"
"196","2013-14","October","https://paimana-proj.mospi.gov.in/ReportPage/ViewPdf?id=1297&path=Content\ArchiveReport\flash\2013-14\FR_Oct_2013.pdf"
"197","2013-14","September","https://paimana-proj.mospi.gov.in/ReportPage/ViewPdf?id=1298&path=Content\ArchiveReport\flash\2013-14\FR_Sep_2013.pdf"
"198","2012-13","April","https://paimana-proj.mospi.gov.in/ReportPage/ViewPdf?id=1278&path=Content\ArchiveReport\flash\2012-13\FR_APR_2012.pdf"
"199","2012-13","August","https://paimana-proj.mospi.gov.in/ReportPage/ViewPdf?id=1279&path=Content\ArchiveReport\flash\2012-13\FR_AUGUST_2012.pdf"
"200","2012-13","December","https://paimana-proj.mospi.gov.in/ReportPage/ViewPdf?id=1280&path=Content\ArchiveReport\flash\2012-13\FR_DEC_2012.pdf"
"201","2012-13","February","https://paimana-proj.mospi.gov.in/ReportPage/ViewPdf?id=1281&path=Content\ArchiveReport\flash\2012-13\FR_FEB_2013.pdf"
"202","2012-13","January","https://paimana-proj.mospi.gov.in/ReportPage/ViewPdf?id=1282&path=Content\ArchiveReport\flash\2012-13\FR_JAn_2013_new.pdf"
"203","2012-13","July","https://paimana-proj.mospi.gov.in/ReportPage/ViewPdf?id=1283&path=Content\ArchiveReport\flash\2012-13\FR_JULY_2012.pdf"
"204","2012-13","June","https://paimana-proj.mospi.gov.in/ReportPage/ViewPdf?id=1284&path=Content\ArchiveReport\flash\2012-13\FR_JUNE_2012.pdf"
"205","2012-13","March","https://paimana-proj.mospi.gov.in/ReportPage/ViewPdf?id=1285&path=Content\ArchiveReport\flash\2012-13\FR_MAR_2013.pdf"
"206","2012-13","May","https://paimana-proj.mospi.gov.in/ReportPage/ViewPdf?id=1286&path=Content\ArchiveReport\flash\2012-13\FR_MAY_2012.pdf"
"207","2012-13","November","https://paimana-proj.mospi.gov.in/ReportPage/ViewPdf?id=1287&path=Content\ArchiveReport\flash\2012-13\FR_NOV_2012.pdf"
"208","2012-13","October","https://paimana-proj.mospi.gov.in/ReportPage/ViewPdf?id=1288&path=Content\ArchiveReport\flash\2012-13\FR_OCTOBER_2012.pdf"
"209","2012-13","September","https://paimana-proj.mospi.gov.in/ReportPage/ViewPdf?id=1289&path=Content\ArchiveReport\flash\2012-13\FR_SEPTEMBER_2012.pdf"
"210","2011-12","April","https://paimana-proj.mospi.gov.in/ReportPage/ViewPdf?id=1266&path=Content\ArchiveReport\flash\2011-12\FR_APR_2011.pdf"
"211","2011-12","August","https://paimana-proj.mospi.gov.in/ReportPage/ViewPdf?id=1267&path=Content\ArchiveReport\flash\2011-12\FR_AUG_2011.pdf"
"212","2011-12","December","https://paimana-proj.mospi.gov.in/ReportPage/ViewPdf?id=1268&path=Content\ArchiveReport\flash\2011-12\FR_DEC_2011.pdf"
"213","2011-12","February","https://paimana-proj.mospi.gov.in/ReportPage/ViewPdf?id=1269&path=Content\ArchiveReport\flash\2011-12\FR_FEB_2012.pdf"
"214","2011-12","January","https://paimana-proj.mospi.gov.in/ReportPage/ViewPdf?id=1270&path=Content\ArchiveReport\flash\2011-12\FR_JAN_2012.pdf"
"215","2011-12","July","https://paimana-proj.mospi.gov.in/ReportPage/ViewPdf?id=1271&path=Content\ArchiveReport\flash\2011-12\FR_JULY_2011.pdf"
"216","2011-12","June","https://paimana-proj.mospi.gov.in/ReportPage/ViewPdf?id=1272&path=Content\ArchiveReport\flash\2011-12\FR_JUNE_2011.pdf"
"217","2011-12","March","https://paimana-proj.mospi.gov.in/ReportPage/ViewPdf?id=1273&path=Content\ArchiveReport\flash\2011-12\FR_MARCH_2012.pdf"
"218","2011-12","May","https://paimana-proj.mospi.gov.in/ReportPage/ViewPdf?id=1274&path=Content\ArchiveReport\flash\2011-12\FR_MAY_2011.pdf"
"219","2011-12","November","https://paimana-proj.mospi.gov.in/ReportPage/ViewPdf?id=1275&path=Content\ArchiveReport\flash\2011-12\FR_NOV_2011.pdf"
"220","2011-12","October","https://paimana-proj.mospi.gov.in/ReportPage/ViewPdf?id=1276&path=Content\ArchiveReport\flash\2011-12\FR_OCT_2011.pdf"
"221","2011-12","September","https://paimana-proj.mospi.gov.in/ReportPage/ViewPdf?id=1277&path=Content\ArchiveReport\flash\2011-12\FR_SEP_2011.pdf"
"222","2010-11","April","https://paimana-proj.mospi.gov.in/ReportPage/ViewPdf?id=1254&path=Content\ArchiveReport\flash\2010-11\fr_Apr_2010.pdf"
"223","2010-11","August","https://paimana-proj.mospi.gov.in/ReportPage/ViewPdf?id=1255&path=Content\ArchiveReport\flash\2010-11\fr_Aug_2010.pdf"
"224","2010-11","December","https://paimana-proj.mospi.gov.in/ReportPage/ViewPdf?id=1256&path=Content\ArchiveReport\flash\2010-11\FR_Dec_2010.pdf"
"225","2010-11","February","https://paimana-proj.mospi.gov.in/ReportPage/ViewPdf?id=1257&path=Content\ArchiveReport\flash\2010-11\FR_FEB_2011.pdf"
"226","2010-11","January","https://paimana-proj.mospi.gov.in/ReportPage/ViewPdf?id=1258&path=Content\ArchiveReport\flash\2010-11\FR_JAN_2011.pdf"
"227","2010-11","July","https://paimana-proj.mospi.gov.in/ReportPage/ViewPdf?id=1259&path=Content\ArchiveReport\flash\2010-11\FR_JULY_2010.pdf"
"228","2010-11","June","https://paimana-proj.mospi.gov.in/ReportPage/ViewPdf?id=1260&path=Content\ArchiveReport\flash\2010-11\FR_june_2010.pdf"
"229","2010-11","March","https://paimana-proj.mospi.gov.in/ReportPage/ViewPdf?id=1261&path=Content\ArchiveReport\flash\2010-11\FR_MARCH_2011.pdf"
"230","2010-11","May","https://paimana-proj.mospi.gov.in/ReportPage/ViewPdf?id=1262&path=Content\ArchiveReport\flash\2010-11\FR_May_2010.pdf"
"231","2010-11","November","https://paimana-proj.mospi.gov.in/ReportPage/ViewPdf?id=1263&path=Content\ArchiveReport\flash\2010-11\FR_NOV_2010.pdf"
"232","2010-11","October","https://paimana-proj.mospi.gov.in/ReportPage/ViewPdf?id=1264&path=Content\ArchiveReport\flash\2010-11\FR_OCT_2010.pdf"
"233","2010-11","September","https://paimana-proj.mospi.gov.in/ReportPage/ViewPdf?id=1265&path=Content\ArchiveReport\flash\2010-11\fr_sept_2010.pdf"
"234","2009-10","April","https://paimana-proj.mospi.gov.in/ReportPage/ViewPdf?id=1242&path=Content\ArchiveReport\flash\2009-10\FLR_APR_2009.pdf"
"235","2009-10","May","https://paimana-proj.mospi.gov.in/ReportPage/ViewPdf?id=1243&path=Content\ArchiveReport\flash\2009-10\FLR_MAY_2009.pdf"
"236","2009-10","August","https://paimana-proj.mospi.gov.in/ReportPage/ViewPdf?id=1244&path=Content\ArchiveReport\flash\2009-10\FR_AUG_2009.pdf"
"237","2009-10","December","https://paimana-proj.mospi.gov.in/ReportPage/ViewPdf?id=1245&path=Content\ArchiveReport\flash\2009-10\FR_DEC_2009.pdf"
"238","2009-10","February","https://paimana-proj.mospi.gov.in/ReportPage/ViewPdf?id=1246&path=Content\ArchiveReport\flash\2009-10\FR_FEB_2010.pdf"
"239","2009-10","January","https://paimana-proj.mospi.gov.in/ReportPage/ViewPdf?id=1247&path=Content\ArchiveReport\flash\2009-10\FR_JAN_2010.pdf"
"240","2009-10","July","https://paimana-proj.mospi.gov.in/ReportPage/ViewPdf?id=1248&path=Content\ArchiveReport\flash\2009-10\FR_JULY_2009.pdf"
"241","2009-10","June","https://paimana-proj.mospi.gov.in/ReportPage/ViewPdf?id=1249&path=Content\ArchiveReport\flash\2009-10\FR_JUNE_2009.pdf"
"242","2009-10","March","https://paimana-proj.mospi.gov.in/ReportPage/ViewPdf?id=1250&path=Content\ArchiveReport\flash\2009-10\FR_MARCH_2010.pdf"
"243","2009-10","November","https://paimana-proj.mospi.gov.in/ReportPage/ViewPdf?id=1251&path=Content\ArchiveReport\flash\2009-10\FR_NOV_2009.pdf"
"244","2009-10","October","https://paimana-proj.mospi.gov.in/ReportPage/ViewPdf?id=1252&path=Content\ArchiveReport\flash\2009-10\FR_OCT_2009.pdf"
"245","2009-10","September","https://paimana-proj.mospi.gov.in/ReportPage/ViewPdf?id=1253&path=Content\ArchiveReport\flash\2009-10\FR_SEP_2009.pdf"
"246","2008-09","February","https://paimana-proj.mospi.gov.in/ReportPage/ViewPdf?id=1231&path=Content\ArchiveReport\flash\2008-09\FLR_FEB_2009.pdf"
"247","2008-09","March","https://paimana-proj.mospi.gov.in/ReportPage/ViewPdf?id=1232&path=Content\ArchiveReport\flash\2008-09\FR_MAR_2009.pdf"
"248","2008-09","April","https://paimana-proj.mospi.gov.in/ReportPage/ViewPdf?id=1233&path=Content\ArchiveReport\flash\2008-09\MonthlyFR_april_2008.pdf"
"249","2008-09","August","https://paimana-proj.mospi.gov.in/ReportPage/ViewPdf?id=1234&path=Content\ArchiveReport\flash\2008-09\MonthlyFR_aug_2008.pdf"
"250","2008-09","December","https://paimana-proj.mospi.gov.in/ReportPage/ViewPdf?id=1235&path=Content\ArchiveReport\flash\2008-09\MonthlyFR_dec_2008.pdf"
"251","2008-09","July","https://paimana-proj.mospi.gov.in/ReportPage/ViewPdf?id=1236&path=Content\ArchiveReport\flash\2008-09\MonthlyFR_july_2008.pdf"
"252","2008-09","June","https://paimana-proj.mospi.gov.in/ReportPage/ViewPdf?id=1237&path=Content\ArchiveReport\flash\2008-09\MonthlyFR_june_2008.pdf"
"253","2008-09","May","https://paimana-proj.mospi.gov.in/ReportPage/ViewPdf?id=1238&path=Content\ArchiveReport\flash\2008-09\MonthlyFR_may_2008.pdf"
"254","2008-09","November","https://paimana-proj.mospi.gov.in/ReportPage/ViewPdf?id=1239&path=Content\ArchiveReport\flash\2008-09\MonthlyFR_nov_2008.pdf"
"255","2008-09","October","https://paimana-proj.mospi.gov.in/ReportPage/ViewPdf?id=1240&path=Content\ArchiveReport\flash\2008-09\MonthlyFR_oct_2008.pdf"
"256","2008-09","September","https://paimana-proj.mospi.gov.in/ReportPage/ViewPdf?id=1241&path=Content\ArchiveReport\flash\2008-09\MonthlyFR_sep_2008.pdf"
"257","2007-08","May","https://paimana-proj.mospi.gov.in/ReportPage/ViewPdf?id=1219&path=Content\ArchiveReport\flash\2007-08\FR_MAY_2007.pdf"
"258","2007-08","October","https://paimana-proj.mospi.gov.in/ReportPage/ViewPdf?id=1220&path=Content\ArchiveReport\flash\2007-08\FR_OCT_2007.pdf"
"259","2007-08","April","https://paimana-proj.mospi.gov.in/ReportPage/ViewPdf?id=1221&path=Content\ArchiveReport\flash\2007-08\MonthlyFR_april_2007.pdf"
"260","2007-08","August","https://paimana-proj.mospi.gov.in/ReportPage/ViewPdf?id=1222&path=Content\ArchiveReport\flash\2007-08\MonthlyFR_aug_2007.pdf"
"261","2007-08","December","https://paimana-proj.mospi.gov.in/ReportPage/ViewPdf?id=1223&path=Content\ArchiveReport\flash\2007-08\MonthlyFR_dec_2007.pdf"
"262","2007-08","February","https://paimana-proj.mospi.gov.in/ReportPage/ViewPdf?id=1224&path=Content\ArchiveReport\flash\2007-08\MonthlyFR_feb_2008.pdf"
"263","2007-08","January","https://paimana-proj.mospi.gov.in/ReportPage/ViewPdf?id=1225&path=Content\ArchiveReport\flash\2007-08\MonthlyFR_jan_2008.pdf"
"264","2007-08","July","https://paimana-proj.mospi.gov.in/ReportPage/ViewPdf?id=1226&path=Content\ArchiveReport\flash\2007-08\MonthlyFR_july_2007.pdf"
"265","2007-08","June","https://paimana-proj.mospi.gov.in/ReportPage/ViewPdf?id=1227&path=Content\ArchiveReport\flash\2007-08\MonthlyFR_june_2007.pdf"
"266","2007-08","March","https://paimana-proj.mospi.gov.in/ReportPage/ViewPdf?id=1228&path=Content\ArchiveReport\flash\2007-08\MonthlyFR_mar_2008.pdf"
"267","2007-08","November","https://paimana-proj.mospi.gov.in/ReportPage/ViewPdf?id=1229&path=Content\ArchiveReport\flash\2007-08\MonthlyFR_nov_2007.pdf"
"268","2007-08","September","https://paimana-proj.mospi.gov.in/ReportPage/ViewPdf?id=1230&path=Content\ArchiveReport\flash\2007-08\MonthlyFR_sep_2007.pdf"
"269","2006-07","April","https://paimana-proj.mospi.gov.in/ReportPage/ViewPdf?id=1207&path=Content\ArchiveReport\flash\2006-07\MonthlyFR_apr_2006.pdf"
"270","2006-07","August","https://paimana-proj.mospi.gov.in/ReportPage/ViewPdf?id=1208&path=Content\ArchiveReport\flash\2006-07\MonthlyFR_aug_2006.pdf"
"271","2006-07","December","https://paimana-proj.mospi.gov.in/ReportPage/ViewPdf?id=1209&path=Content\ArchiveReport\flash\2006-07\MonthlyFR_dec_2006.pdf"
"272","2006-07","February","https://paimana-proj.mospi.gov.in/ReportPage/ViewPdf?id=1210&path=Content\ArchiveReport\flash\2006-07\MonthlyFR_feb_2007.pdf"
"273","2006-07","January","https://paimana-proj.mospi.gov.in/ReportPage/ViewPdf?id=1211&path=Content\ArchiveReport\flash\2006-07\MonthlyFR_jan_2007.pdf"
"274","2006-07","July","https://paimana-proj.mospi.gov.in/ReportPage/ViewPdf?id=1212&path=Content\ArchiveReport\flash\2006-07\MonthlyFR_july_2006.pdf"
"275","2006-07","June","https://paimana-proj.mospi.gov.in/ReportPage/ViewPdf?id=1213&path=Content\ArchiveReport\flash\2006-07\MonthlyFR_june_2006.pdf"
"276","2006-07","March","https://paimana-proj.mospi.gov.in/ReportPage/ViewPdf?id=1214&path=Content\ArchiveReport\flash\2006-07\MonthlyFR_mar_2007.pdf"
"277","2006-07","May","https://paimana-proj.mospi.gov.in/ReportPage/ViewPdf?id=1215&path=Content\ArchiveReport\flash\2006-07\MonthlyFR_may_2006.pdf"
"278","2006-07","November","https://paimana-proj.mospi.gov.in/ReportPage/ViewPdf?id=1216&path=Content\ArchiveReport\flash\2006-07\MonthlyFR_nov_2006.pdf"
"279","2006-07","October","https://paimana-proj.mospi.gov.in/ReportPage/ViewPdf?id=1217&path=Content\ArchiveReport\flash\2006-07\MonthlyFR_oct_2006.pdf"
"280","2006-07","September","https://paimana-proj.mospi.gov.in/ReportPage/ViewPdf?id=1218&path=Content\ArchiveReport\flash\2006-07\MonthlyFR_sep_2006.pdf"
"281","2005-06","August","https://paimana-proj.mospi.gov.in/ReportPage/ViewPdf?id=1196&path=Content\ArchiveReport\flash\2005-06\MonthlyFR_aug_2005.pdf"
"282","2005-06","December","https://paimana-proj.mospi.gov.in/ReportPage/ViewPdf?id=1197&path=Content\ArchiveReport\flash\2005-06\MonthlyFR_dec_2005.pdf"
"283","2005-06","February","https://paimana-proj.mospi.gov.in/ReportPage/ViewPdf?id=1198&path=Content\ArchiveReport\flash\2005-06\MonthlyFR_feb_2006.pdf"
"284","2005-06","January","https://paimana-proj.mospi.gov.in/ReportPage/ViewPdf?id=1199&path=Content\ArchiveReport\flash\2005-06\MonthlyFR_jan_2006.pdf"
"285","2005-06","July","https://paimana-proj.mospi.gov.in/ReportPage/ViewPdf?id=1200&path=Content\ArchiveReport\flash\2005-06\MonthlyFR_july_2005.pdf"
"286","2005-06","June","https://paimana-proj.mospi.gov.in/ReportPage/ViewPdf?id=1201&path=Content\ArchiveReport\flash\2005-06\MonthlyFR_june_2005.pdf"
"287","2005-06","March","https://paimana-proj.mospi.gov.in/ReportPage/ViewPdf?id=1202&path=Content\ArchiveReport\flash\2005-06\MonthlyFR_mar_2006.pdf"
"288","2005-06","May","https://paimana-proj.mospi.gov.in/ReportPage/ViewPdf?id=1203&path=Content\ArchiveReport\flash\2005-06\MonthlyFR_may_2005.pdf"
"289","2005-06","November","https://paimana-proj.mospi.gov.in/ReportPage/ViewPdf?id=1204&path=Content\ArchiveReport\flash\2005-06\MonthlyFR_nov_2005.pdf"
"290","2005-06","October","https://paimana-proj.mospi.gov.in/ReportPage/ViewPdf?id=1205&path=Content\ArchiveReport\flash\2005-06\MonthlyFR_oct_2005.pdf"
"291","2005-06","September","https://paimana-proj.mospi.gov.in/ReportPage/ViewPdf?id=1206&path=Content\ArchiveReport\flash\2005-06\MonthlyFR_sep_2005.pdf"
"292","2004-05","April","https://paimana-proj.mospi.gov.in/ReportPage/ViewPdf?id=1184&path=Content\ArchiveReport\flash\2004-05\MonthlyFR_apr_2004.pdf"
"293","2004-05","August","https://paimana-proj.mospi.gov.in/ReportPage/ViewPdf?id=1185&path=Content\ArchiveReport\flash\2004-05\MonthlyFR_aug_2004.pdf"
"294","2004-05","December","https://paimana-proj.mospi.gov.in/ReportPage/ViewPdf?id=1186&path=Content\ArchiveReport\flash\2004-05\MonthlyFR_dec_2004.pdf"
"295","2004-05","February","https://paimana-proj.mospi.gov.in/ReportPage/ViewPdf?id=1187&path=Content\ArchiveReport\flash\2004-05\MonthlyFR_feb_2005.pdf"
"296","2004-05","January","https://paimana-proj.mospi.gov.in/ReportPage/ViewPdf?id=1188&path=Content\ArchiveReport\flash\2004-05\MonthlyFR_jan_2005.pdf"
"297","2004-05","July","https://paimana-proj.mospi.gov.in/ReportPage/ViewPdf?id=1189&path=Content\ArchiveReport\flash\2004-05\MonthlyFR_july_2004.pdf"
"298","2004-05","June","https://paimana-proj.mospi.gov.in/ReportPage/ViewPdf?id=1190&path=Content\ArchiveReport\flash\2004-05\MonthlyFR_june_2004.pdf"
"299","2004-05","March","https://paimana-proj.mospi.gov.in/ReportPage/ViewPdf?id=1191&path=Content\ArchiveReport\flash\2004-05\MonthlyFR_mar_2005.pdf"
"300","2004-05","May","https://paimana-proj.mospi.gov.in/ReportPage/ViewPdf?id=1192&path=Content\ArchiveReport\flash\2004-05\MonthlyFR_may_2004.pdf"
"301","2004-05","November","https://paimana-proj.mospi.gov.in/ReportPage/ViewPdf?id=1193&path=Content\ArchiveReport\flash\2004-05\MonthlyFR_nov_2004.pdf"
"302","2004-05","October","https://paimana-proj.mospi.gov.in/ReportPage/ViewPdf?id=1194&path=Content\ArchiveReport\flash\2004-05\MonthlyFR_oct_2004.pdf"
"303","2004-05","September","https://paimana-proj.mospi.gov.in/ReportPage/ViewPdf?id=1195&path=Content\ArchiveReport\flash\2004-05\MonthlyFR_sep_2004.pdf"
"304","2003-04","April","https://paimana-proj.mospi.gov.in/ReportPage/ViewPdf?id=1172&path=Content\ArchiveReport\flash\2003-04\MonthlyFR_april_2003.pdf"
"305","2003-04","August","https://paimana-proj.mospi.gov.in/ReportPage/ViewPdf?id=1173&path=Content\ArchiveReport\flash\2003-04\MonthlyFR_aug_2003.pdf"
"306","2003-04","December","https://paimana-proj.mospi.gov.in/ReportPage/ViewPdf?id=1174&path=Content\ArchiveReport\flash\2003-04\MonthlyFR_dec_2003.pdf"
"307","2003-04","February","https://paimana-proj.mospi.gov.in/ReportPage/ViewPdf?id=1175&path=Content\ArchiveReport\flash\2003-04\MonthlyFR_feb_2004.pdf"
"308","2003-04","January","https://paimana-proj.mospi.gov.in/ReportPage/ViewPdf?id=1176&path=Content\ArchiveReport\flash\2003-04\MonthlyFR_jan_2004.pdf"
"309","2003-04","July","https://paimana-proj.mospi.gov.in/ReportPage/ViewPdf?id=1177&path=Content\ArchiveReport\flash\2003-04\MonthlyFR_july_2003.pdf"
"310","2003-04","June","https://paimana-proj.mospi.gov.in/ReportPage/ViewPdf?id=1178&path=Content\ArchiveReport\flash\2003-04\MonthlyFR_june_2003.pdf"
"311","2003-04","March","https://paimana-proj.mospi.gov.in/ReportPage/ViewPdf?id=1179&path=Content\ArchiveReport\flash\2003-04\MonthlyFR_mar_2004.pdf"
"312","2003-04","May","https://paimana-proj.mospi.gov.in/ReportPage/ViewPdf?id=1180&path=Content\ArchiveReport\flash\2003-04\MonthlyFR_may_2003.pdf"
"313","2003-04","November","https://paimana-proj.mospi.gov.in/ReportPage/ViewPdf?id=1181&path=Content\ArchiveReport\flash\2003-04\MonthlyFR_nov_2003.pdf"
"314","2003-04","October","https://paimana-proj.mospi.gov.in/ReportPage/ViewPdf?id=1182&path=Content\ArchiveReport\flash\2003-04\MonthlyFR_oct_2003.pdf"
"315","2003-04","September","https://paimana-proj.mospi.gov.in/ReportPage/ViewPdf?id=1183&path=Content\ArchiveReport\flash\2003-04\MonthlyFR_sep_2003.pdf"
"316","2002-03","April","https://paimana-proj.mospi.gov.in/ReportPage/ViewPdf?id=1160&path=Content\ArchiveReport\flash\2002-03\FR_Apr_2002.pdf"
"317","2002-03","August","https://paimana-proj.mospi.gov.in/ReportPage/ViewPdf?id=1161&path=Content\ArchiveReport\flash\2002-03\FR_AUG_2002.pdf"
"318","2002-03","December","https://paimana-proj.mospi.gov.in/ReportPage/ViewPdf?id=1162&path=Content\ArchiveReport\flash\2002-03\FR_DEC_2002.pdf"
"319","2002-03","February","https://paimana-proj.mospi.gov.in/ReportPage/ViewPdf?id=1163&path=Content\ArchiveReport\flash\2002-03\FR_FEB_2003.pdf"
"320","2002-03","January","https://paimana-proj.mospi.gov.in/ReportPage/ViewPdf?id=1164&path=Content\ArchiveReport\flash\2002-03\FR_JAN_2003.pdf"
"321","2002-03","July","https://paimana-proj.mospi.gov.in/ReportPage/ViewPdf?id=1165&path=Content\ArchiveReport\flash\2002-03\FR_JULY_2002.pdf"
"322","2002-03","June","https://paimana-proj.mospi.gov.in/ReportPage/ViewPdf?id=1166&path=Content\ArchiveReport\flash\2002-03\FR_JUNE_2002.pdf"
"323","2002-03","March","https://paimana-proj.mospi.gov.in/ReportPage/ViewPdf?id=1167&path=Content\ArchiveReport\flash\2002-03\FR_MAR_2003.pdf"
"324","2002-03","May","https://paimana-proj.mospi.gov.in/ReportPage/ViewPdf?id=1168&path=Content\ArchiveReport\flash\2002-03\FR_MAY_2002.pdf"
"325","2002-03","November","https://paimana-proj.mospi.gov.in/ReportPage/ViewPdf?id=1169&path=Content\ArchiveReport\flash\2002-03\FR_NOV_2002.pdf"
"326","2002-03","October","https://paimana-proj.mospi.gov.in/ReportPage/ViewPdf?id=1170&path=Content\ArchiveReport\flash\2002-03\FR_OCT_2002.pdf"
"327","2002-03","September","https://paimana-proj.mospi.gov.in/ReportPage/ViewPdf?id=1171&path=Content\ArchiveReport\flash\2002-03\FR_SEP_2002.pdf"
"328","2001-02","April","https://paimana-proj.mospi.gov.in/ReportPage/ViewPdf?id=1299&path=Content\ArchiveReport\flash\2001-02\FR_April_2001.pdf"
"329","2001-02","August","https://paimana-proj.mospi.gov.in/ReportPage/ViewPdf?id=1300&path=Content\ArchiveReport\flash\2001-02\FR_AUG_2001.pdf"
"330","2001-02","December","https://paimana-proj.mospi.gov.in/ReportPage/ViewPdf?id=1301&path=Content\ArchiveReport\flash\2001-02\FR_DEC_2001.pdf"
"331","2001-02","February","https://paimana-proj.mospi.gov.in/ReportPage/ViewPdf?id=1302&path=Content\ArchiveReport\flash\2001-02\FR_FEB_2002.pdf"
"332","2001-02","January","https://paimana-proj.mospi.gov.in/ReportPage/ViewPdf?id=1303&path=Content\ArchiveReport\flash\2001-02\FR_JAN_2002.pdf"
"333","2001-02","July","https://paimana-proj.mospi.gov.in/ReportPage/ViewPdf?id=1304&path=Content\ArchiveReport\flash\2001-02\FR_JULY_2001.pdf"
"334","2001-02","June","https://paimana-proj.mospi.gov.in/ReportPage/ViewPdf?id=1305&path=Content\ArchiveReport\flash\2001-02\FR_JUNE_2001.pdf"
"335","2001-02","March","https://paimana-proj.mospi.gov.in/ReportPage/ViewPdf?id=1306&path=Content\ArchiveReport\flash\2001-02\FR_MAR_2002.pdf"
"336","2001-02","May","https://paimana-proj.mospi.gov.in/ReportPage/ViewPdf?id=1307&path=Content\ArchiveReport\flash\2001-02\FR_MAY_2001.pdf"
"337","2001-02","November","https://paimana-proj.mospi.gov.in/ReportPage/ViewPdf?id=1308&path=Content\ArchiveReport\flash\2001-02\FR_NOV_2001.pdf"
"338","2001-02","October","https://paimana-proj.mospi.gov.in/ReportPage/ViewPdf?id=1309&path=Content\ArchiveReport\flash\2001-02\FR_OCT_2001.pdf"
"339","2001-02","September","https://paimana-proj.mospi.gov.in/ReportPage/ViewPdf?id=1310&path=Content\ArchiveReport\flash\2001-02\FR_SEP_2001.pdf"